Linkki,Nimi,Lajittelu,,Note,Vuosi,Sesonki,extags,syntags,annoksia
https://www.k-ruoka.fi/reseptit/ahvenkeitto,Ahvenkeitto,Pääruoka,Alkuruoka,,???,,"keitto, kala",,4
https://www.k-ruoka.fi/reseptit/baileys-juustokakku,Baileys Juustokakku,Jälkiruoka,Kahvi,,???,,,,
https://www.bbcgoodfood.com/recipes/spinach-sweet-potato-lentil-dhal,Bataatti-pinaatti-linssidahl,Pääruoka,,"Hyvä, helppo tehdä, tulee paljon (6 annosta)",2020,,riisi,,4
Blinit | Valio,Blinitaikina,Pääruoka,,,2022,1,,,4
https://yhteishyva.fi/reseptit/mansikkabritakakku/recipe-23598,Britakakku,Kahvi,Jälkiruoka,,???,,,,
https://www.bbcgoodfood.com/recipes/1094665/cheesy-broccoli-pasta-bake,Broccoli-makaronilaatikko,Pääruoka,,,???,,"pasta, uuni",,6
https://www.bbcgoodfood.com/recipes/miso-broccoli-egg-quinoa-salad,Broccoli-muna-quinoasalaatti,Pääruoka,,,???,,salaatti,,4
https://www.k-ruoka.fi/reseptit/chili-inkivaarikurkut,Chili inkiväärikurkut,Lisuke,,,???,,,,2
https://www.bbcgoodfood.com/recipes/chorizo-mozzarella-gnocchi-bake,Chorizo-gnocchivuoka,Pääruoka,,"Potentiaalinen, kannattaa seurata resepin kypsennysohjetta seuravalla kerralla",2022,,pasta,,6
https://www.martha.fi/recept/clafoutis,Clafoutis,Jälkiruoka,Kahvi,,2021,,,,
https://kotiliesi.fi/resepti/creme-ninon-eli-ranskalainen-hernekeitto/,Creme ninon hernekeitto,Alkuruoka,,,???,,,,
https://www.k-ruoka.fi/reseptit/dandan-nuudelit,dandan nuudelit,Pääruoka,,,2022,,pasta,,
https://www.k-ruoka.fi/reseptit/fenkoli-katkarapurisotto,Fenkoli-katkarapurisotto,Pääruoka,,,2022,,riisi,,
https://www.k-ruoka.fi/reseptit/sitruunaiset-fenkoli-perunanyytit,Fenkoliperunapaistos,Lisuke,,Jos tekee uunissa folio tai kansi päälle,,,,,
https://www.bbcgoodfood.com/recipes/feta-peach-couscous,Feta-persikkacouscoussalaatti,Pääruoka,lisuke,,2020,,salaatti,,
https://www.k-ruoka.fi/reseptit/georgialainen-possupata,Georgialainen possupata,Pääruoka,,"Hyvää, ei liikaa haudutusta",???,,"uuni, liha",,
https://yhteishyva.fi/reseptit/gluteeniton-mansikka-juustokakku/recipe-3833,Gluteeniton (mansikka)juustokaku,Kahvi,Jälkiruoka,,???,,,,
https://www.bbcgoodfood.com/recipes/gnocchi-mushrooms-blue-cheese,Gnocchi sienillä ja sinihomejuustolla,Pääruoka,,,2020,,"pasta, sienet",,
https://www.bbcgoodfood.com/recipes/blue-cheese-gnocchi?utm_source=app,Gnocchi sinihomejuustolla,Pääruoka,Alkuruoka,,2021,,pasta,,
https://www.k-ruoka.fi/reseptit/gnocchilasagne,gnocchilasagne,Pääruoka,,,2021,,pasta,,
https://www.k-ruoka.fi/reseptit/gochujang-kurkut,Gochujang kurkut,Lisuke,,,2021,,,,
https://www.k-ruoka.fi/reseptit/gruusialainen-kaalilaatikko,Gruusialainen kaalilaatikko,Pääruoka,,Voisi tehdä kaikki yhdessä padassa. Ohraa voi lisätä ruokaisuuden takia- sekaan vaan ennen kuin menee uuniin,2021,,uuni,,
https://www.k-ruoka.fi/reseptit/halloumi-kasvispihvit,Halloumi-kasvispihvit,Pääruoka,,älä sooloile. harkitse ylimääräisen kananmunan lisäämistä,2022,,,,
https://www.k-ruoka.fi/reseptit/hoisintofu,Hoisintofu,Pääruoka,,Tofua voi marinoida yön yli,2021,,,,
https://www.k-ruoka.fi/reseptit/hoyrytetyt-sampylat,Höyrytetyt sämpylät,Snack,,,???,,,,
https://yhteishyva.fi/reseptit/inkivaarishotti/3q4K5RIAiIesKKwG4c2cao?fbclid=IwAR15k6QRCTEM271gCRQ_M5lzC3-LcgpVMBgpFCLj3mrhOMHwLvZ8hvqJD1g,Inkiväärishotti,Juoma,,,???,,,,
https://www.martat.fi/reseptit/juustopiiras-versosalaatilla/,Juustopiiras versosalaatilla,Kahvi,,,2022,,,,
https://yhteishyva.fi/reseptit/kaalilaatikko/recipe-4544,Kaalilaatikko,pääruoka,,"Hyvä, valmistumiseen menee aikaa",2019,,uuni,,
https://www.bbcgoodfood.com/recipes/kadala-curry,Kadala curry,Pääruoka,,"Aavistuksen työläs, toisaalta tulee paljon kerralla. Voinee oikaista punaisen currytahnan kanssa",???,,riisi,,
"https://www.vaimomatskuu.com/merenelavat/sahramirisottoa-ja-kampasimpukoita/
",kampasimpukkarisotto,pääruoka,,,2019,,riisi,,
https://www.bbcgoodfood.com/recipes/chicken-kale-mushroom-pot-pie,Kana lehtikaali sienipiiras,Pääruoka,,"hyvä, voi maustaa enemmän kuin ohje sanoo",???,,"uuni, sieni, kana",,
https://www.bbcgoodfood.com/recipes/1167651/chicken-and-chorizo-jambalaya,kana-chorizo-jambalaya,Pääruoka,,"helppo ja hyvä, sopivasti maustetta. Varioi reseptiä, proteiinina esim. pavut, lisää maissia jne.",???,,"kana, riisi",,
https://www.k-ruoka.fi/reseptit/kantarellipasta,Kantarellipasta,Pääruoka,,Takuuvarma,2022,,"pasta, sieni",,
https://www.k-ruoka.fi/reseptit/karviais-marenkipiirakka,karviaismarenkipiirakka,Jälkiruoka,Kahvi,,???,,,,
https://www.k-ruoka.fi/reseptit/kasvispyorykat-harissa-tomaattikastikkeessa,Kasvispyörykät Harissa Tomaattikastikkeessa,Pääruoka,,,2022,,riisi,,
https://damndelicious.net/2019/01/30/creamy-tortellini-soup/,Kermainen tortellonikeitto,Pääruoka,,"Herkullista! Kannattaa tehdä tomaattikeitto eka, johon lisää makkarat ja tortellonit. ",2020,,"keitto, pasta",,
https://www.hs.fi/ruoka/reseptit/art-2000009009291.html?share=a296c56b04df48564c74f0fa04afd7ca,Kiinankaali-tahininuudelit,pääruoka ,,"hyvä, kaipaa enemmän kaalia ja papuja suhteessa nuudeleihin",2022,,pasta,,
https://liemessa.fi/2020/03/kikherne-limonello/,Kikhernelimonellopasta,Pääruoka,,"Nopea, kannattaa tuunata esim. tuoreilla yrteillä",2022,,"pasta, pavut",,
https://www.k-ruoka.fi/reseptit/klementiinikana,Klementiinikana,Pääruoka,,"Käytä inspiraationa, toimisi paremmin jos kanat marinoitaisiin",2022,,kana,,
https://www.k-ruoka.fi/reseptit/korianteripesto,Korianteripesto,Lisuke,,,???,,,,
https://www.k-ruoka.fi/reseptit/kukkakaaliwingsit,Kukkakaalisiivet,Snack,,,???,,,,
https://www.k-ruoka.fi/reseptit/kurkku-limettilohi,Kurkku-limettilohi,Pääruoka,,,???,,"kala, uuni",,
https://www.hs.fi/paivanlehti/30092021/art-2000008260485.html,Kurpitsarisotto,Pääruoka,Lisuke,,2021,,riisi,,
https://www.k-ruoka.fi/reseptit/ajo-blanco-eli-kylma-mantelikeitto,Kylmä mantelikeitto,Alkuruoka,,,???,,,,
https://www.fazer.fi/tuotteet-ja-asiakaspalvelu/tuotemerkit/fazer-lakritsi/lakritsijuustokakku---voiko-enaa-maukkaampaa-olla/,Lakritsijuustokakku,Jälkiruoka,Kahvi,"Toimiva, lakritsin sulattaminen hankalaa",???,,,,
https://www.k-ruoka.fi/reseptit/lammin-porkkana-kikhernesalaatti,Lämmin porkkana-kikherne salaatti,Lisuke,Pääruoka,Lisukkeena tai lounaana hyvä,2020,,,,
https://www.k-ruoka.fi/reseptit/lehtikaali-kananmunapasta,Lehtikaalikananmunapasta,Pääruoka,,"Nopee, mutta paljon tiskattavaa",2020,,pasta,,
https://www.k-ruoka.fi/reseptit/lehtikaalipyttipannu,Lehtikaalipyttipannu,Pääruoka,,"Nopee, hyvä, helposti skaalautuva",2019,,,,
https://www.k-ruoka.fi/reseptit/maapahkinavoi-porkkanakeitto,Maapähkinävoi porkkanakeitto,Pääruoka,Alkuruoka,"Todella hyvä, voi hyvin lisäillä esim. perunaa/bataattia ",2020,,keitto,,
https://www.k-ruoka.fi/reseptit/marokkolainen-grillijuustosalaatti,Marokkolainen grillijuustosalaatti,Pääruoka,,"Toimiva, ei kulhoruoka",???,,salaatti,,
https://www.k-ruoka.fi/reseptit/marokkolainen-jauhelihapata,marokkolainen jauhelihapata,Pääruoka,,"paljon pilkkomista, mutta sen arvoista. jauhelihan voi korvaa esim. kikherneillä tai jauhelihakorvikkeella",2022,,,,
https://www.k-ruoka.fi/reseptit/mokkapalakakku,Mokkapalakakku,Jälkiruoka,Kahvi,,???,,,,
samasta padasta kirja ,mustapapupyörykät,pääruoka,,kaveriksi ruskeakastike,2022,"2prk mustapapua, 3kananmunaa, sipuli, 2,5dl korppujauhoja, 100g mantelirouhetta. ",soseuta sipuli ja mustapavut. lisää kananmunat ja sekoita. lopuksi sekoita joukkoon korppujauhot ja mantelirouhe. muotoile pyörykät (20-30kpl) ja paista pannulla n. 10min,,
https://www.k-ruoka.fi/reseptit/mustikkamuffinit,Mustikkamuffinit,Kahvi,,Nopea ja mehevä! 175C + 25min kiertoilmalla juuri sopiva. 11kpl,2022,,,,
https://www.bbcgoodfood.com/recipes/2271/noodle-bowl-salad,Nuudelisalaatti,Pääruoka,,,???,,pasta,,
https://www.k-ruoka.fi/reseptit/nyhtokaurapyorykka-kukkakaalipannu,Nyhtökaurapyörykkä kukkakaalipannu,Pääruoka,,,???,,,,
https://www.melaniecooks.com/oatmeal-raisin-mug-cake/14061/,oatmeal raisin mug cake,jälkiruoka,,"liian iso mukiin. 1dl kauraa, hunajaa puolet reseptin määrästä",2021,,,,
https://www.k-ruoka.fi/reseptit/omenagalette,Omena galette,Jälkiruoka,,"voisi tehdä neljän sijaan kuusi tai kahdeksan pienemoää leivonnaista, toimi myös kun grahamin korvasi rukiilla",2022,,,,
https://www.k-ruoka.fi/reseptit/omenainen-lihapata,Omenainen lihapata,Pääruoka,,"Enemmän maustetta, pidempi haudutus ja matalampi lämpötila",2021,,"uuni, possu",,
https://www.atria.fi/lihakauppa/reseptit/nauta/osso-buccoa-ja-risotto-milanese-tomaattisalsalla/,Osso bucco ja risotto,Pääruoka,,Herkullinen!,2022,,"uuni, liha",,
https://www.pullahiiri.com/2017/02/pitsaperjantain-herkullinen-pannupitsa.html,pannupizza,pääruoka,,,2019,,uuni,,
https://www.fazer.fi/reseptit-ja-ideat/leivonta/patkis/patkis-juustokakku/,Pätkis juustokakku,Kahvi,Jälkiruoka,"Helppo, nopea ja maukas",2022,,,,
https://www.k-ruoka.fi/reseptit/vadelmapavlova,pavlova,Jälkiruoka,Kahvi,,???,,,,
https://www.k-ruoka.fi/reseptit/perunarostipelti,Perunaröstipelti,Lisuke,,,2021,,,,
https://www.k-ruoka.fi/reseptit/pesto-kanapyorykat,Pesto kanapyörykät,Pääruoka,,"Helppo ja nopee, mausta enemmän ku ohje sanoo",???,,"kana, riisi",,
https://www.menaiset.fi/artikkeli/ruoka/reseptit/tekeeko-mieli-munkkeja-muttet-millaan-jaksaisi-vasata-tee-churroja-eli?fbclid=IwAR3OrkFOx-r-_4gv6AGF89wGVzSmModgSL1K7rbNF4GJCPjWo8noKK1GeXQ,Pikachurro,Kahvi,Jälkiruoka,,???,,,,
https://www.k-ruoka.fi/reseptit/pinaatti-sitruuna-ricottatuorepasta,Pinaatti Sitruuna Ricottatuorepasta,Pääruoka,,,???,,pasta,,
https://www.k-ruoka.fi/reseptit/pizzapohja,Pizzapohja,Pääruoka,,"Perus hyvä, tuplana tuli n. 8 pizzaa",2020,,uuni,,
https://www.k-ruoka.fi/reseptit/pizzetti,Pizzetti,Pääruoka,,,???,,uuni,,
https://www.k-ruoka.fi/reseptit/porkkanakakkupannari,porkkanakakkupannari,Jälkiruoka,Kahvi,,???,,,,
https://www.k-ruoka.fi/reseptit/punajuuririsotto,Punajuuririsotto,Lisuke,Pääruoka,Keittämisen sijaan punajuuret raasteeksi joka kuullotetaan sipulien kanssa,2022,,,,
https://www.alko.fi/juoma-ruoka/resepti/punajuuritartar,Punajuuritartar,Alkuruoka,,,2020,,,,
https://www.yhteishyva.fi/reseptit/puolukkapannacotta/043865,Puolukka Pannacotta,Jälkiruoka,Kahvi,NOM:,???,,,,
https://www.bbc.co.uk/food/recipes/quick_flatbreads_43123,Quick flatbread,Välipala,Lisuke,"helppo, nopee. lisää suolaa taikinaan/päälle.  kannattaa kaulia/venytellä mahd. ohuiksi",2022,,,,
https://www.valio.fi/reseptit/raejuusto-kasvistayte-uuniperunoille/,Raejuustokasvistäyte,Pääruoka,kastike,,???,,,,
https://www.hs.fi/ruoka/reseptit/art-2000002683171.html?share=9071fa6f9d6562328eeeefa92308bced,Ranskalainen linssikeitto,Pääruoka,Alkuruoka,,???,,"keitto, pavut",,
https://www.kodinkuvalehti.fi/reseptit/alkuruuat-juhli-ja-nauti/rapu-moussekakku,Rapumoussekakku,Piirakka,Alkuruoka,Saa maustua pidempään tai voi maustaa voimakkaammin. Erittäin hyvä. ,2021,,,,
https://www.bbcgoodfood.com/recipes/ricotta-broccoli-lemon-penne,Ricotta parsakaali penne,Pääruoka,,"hyvä, nopee",???,,pasta,,
https://www.bbcgoodfood.com/recipes/glazed-sesame-salmon,Seesamilohi,Pääruoka,,Helppo ja nopee,???,,kala,,
https://kalaneuvos.fi/resepti/silakkapihvit/?gclid=Cj0KCQiAq97uBRCwARIsADTziybEDLd0m0ebM44QfuXAr2uC_gnYDw3QO6Gyp2hzSU8_E8yLee9dxH0aAsGUEALw_wcB,silakkapihvit,pääruoka,,"hyvä, leivitystä voi käyttää runsaammin",2019,,kala,,
https://www.k-ruoka.fi/reseptit/sinihomejuusto-paarynapiirakka,Sinihomejuusto-päärynäpiirakka,pääruoka,,,2020,,uuni,,
https://www.soppa365.fi/reseptit/liha-arjen-nopeat-pastat-ja-risotot/siskonmakkarapasta,Siskonmakkarapasta,Pääruoka,,,???,,pasta,,
https://www.k-ruoka.fi/reseptit/siskonmakkara-pinaattipasta,Siskonmakkarapinaattipasta,Pääruoka,,"Helppo, halpa ja hyvä!",???,,pasta,,
https://www.k-ruoka.fi/reseptit/sitruuna-minttugraavisiika,Sitruuna-minttugraavisiika,Alkuruoka,,,???,,,,
https://www.k-ruoka.fi/reseptit/sitruunainen-valkopapukeitto,Sitruunainen valkopapukeitto,Pääruoka,Alkuruoka,"Nopea ja helppo, voi helposti tehdä tupla-annoksen. Reseptistä tulee 4 annosta",2020,,"keitto, pavut",,
https://www.bbcgoodfood.com/recipes/greggs-tangy-lemon-tart,Sitruunapiirakka,Jälkiruoka,,,2021,,,,
https://www.bbcgoodfood.com/recipes/spaghetti-puttanesca-red-beans-spinach,Spaghetti puttanesca,Pääruoka,,,???,,pasta,,
https://www.kotikokki.net/reseptit/nayta/29606/Suklaa-kaurakeksit/,Suklaa kaurakeksi,Kahvi,Jälkiruoka,,???,,,,
https://www.k-ruoka.fi/reseptit/taquitot,Taquito,Pääruoka,,"Hyvä, isohko vehnä+maissitortilla toimii paremmin rullailuun kuin pelkkä pieni maissitortilla",2022,,,,
https://www.kinuskikissa.fi/tomaatti-mozzarellapiirakka/,Tomaatti mozzarellapiirakka,Piirakka,,"Helppo, halpa ja hyvä!",???,,uuni,,
https://www.bbcgoodfood.com/recipes/tomato-mascarpone-risotto,Tomaatti-mascarponerisotto,Pääruoka,lisuke,,2020,,riisi,,
https://www.k-ruoka.fi/reseptit/tomaattinen-palak-paneer,Tomaattinen palak paneer,Pääruoka,,"Hyvä, mifulle hyvä käyttö",2019,,riisi,,
https://www.hs.fi/ruoka/art-2000006482947.html,Tortellinipanzanella,Pääruoka,Alkuruoka,"Myös hyvä lounas! Paljon pilkkomista ja monta vaihetta, lopputulos kuitenkin hyvä",2019,,pasta,,
https://www.k-ruoka.fi/reseptit/alkoholiton-tyrni-sour,Tyrni Sour (Alkoholiton),Juoma,,,2019,,,,
https://www.k-ruoka.fi/reseptit/vadelma-nektariinipiirakka,Vadelma-nektariinipiirakka,jälkiruoka,Kahvi,,2021,,,,
https://yhteishyva.fi/reseptit/vadelmajuustokakku-paahdetulla-valkosuklaalla/recipe-23628,Vadelmajuustokakku,Kahvi,Jälkiruoka,,???,,,,
https://www.k-ruoka.fi/reseptit/vadelmapiirakka,Vadelmapiirakka,Jälkiruoka,,,2021,,,,
https://www.hs.fi/ruoka/art-2000006482947.html,Vadelmaposset,Jälkiruoka,Kahvi,Helppo + nopee,2019,,,,
https://viimeistamuruamyoten.com/sitrusrisotto-v-gf/,vegaaninen sitrusrisotto,pääruoka,,,2021,,,,
https://www.k-ruoka.fi/reseptit/vegaaniset-letut-nyhtokaurataytteella,Vegaaniset letut nyhtökauratäytteellä,Pääruoka,,,???,,,,
https://www.k-ruoka.fi/reseptit/vihrea-gazpacho-keitto,Vihreä Gazpacho,Alkuruoka,,,???,,,,
https://yhteishyva.fi/reseptit/vihrea-kuula-unelmatorttu/sWdqr0OsLMbZtKUN9OuGg,Vihreäkuulakääretorttu,Kahvi,Jälkiruoka,,2022,,,,
https://www.bbcgoodfood.com/recipes/goats-cheese-garlic-linguine-crisp-pancetta?utm_source=app,Vuohenjuusto pancetta pasta,Pääruoka,Alkuruoka,,2021,,pasta,,
https://www.k-ruoka.fi/reseptit/wasabi-lohijuustokakku,Wasabi-lohijuustokakku,Snack,Kahvi,,???,,,,
https://www.k-ruoka.fi/reseptit/persimon-kanapata,Persimon kanapata,Pääruoka,,,2023,,"kana, uuni",,
https://www.k-ruoka.fi/reseptit/lime-kookoskana,Lime-kookoskana,Pääruoka,,,2023,,kana,,
https://www.k-ruoka.fi/reseptit/kesakurpitsa-halloumipihvit,Kesäkurpitsa-halloumipihvit,Pääruoka,,,2023,,,,
https://www.k-ruoka.fi/reseptit/mustapapupata,mustapapupata,pääruoka,,,2022,,riisi,,
,makaronilaatikko,,,,,,,,
,lasagne,,,,,,,,
,tacot,,,,,,,,
,esp. tortilla,,,,,,,,
,pinaattikeitto,,,,,,,,
,"sosekeitto, pun",,,,,,,,
,"sosekeitto, vihr",,,,,,,,
,"ssekeitto, pink",,,,,,,,
